QueryID,Category,Query,ExpectedCount,FetchedCount,TP,FP,FN,Precision,Recall,F1,ExpectedIDs,FetchedIDs,TP_IDs,FP_IDs,FN_IDs
Q01,exact-factual-recall,What is my name and where do I live?,2,8,2,6,0,0.2500,1.0000,0.4000,eval-f001;eval-f002,eval-e008;eval-f001;eval-f002;eval-f007;eval-f021;eval-e033;eval-e051;eval-f003,eval-f001;eval-f002,eval-e008;eval-f007;eval-f021;eval-e033;eval-e051;eval-f003,
Q02,exact-factual-recall,Tell me about my educational background and work history.,3,8,1,7,2,0.1250,0.3333,0.1818,eval-f018;eval-f003;eval-f060,eval-e008;eval-f021;eval-f003;eval-f007;eval-e033;eval-f001;eval-e047;eval-e035,eval-f003,eval-e008;eval-f021;eval-f007;eval-e033;eval-f001;eval-e047;eval-e035,eval-f018;eval-f060
Q03,exact-factual-recall,What programming languages do I use and for how long?,1,8,1,7,0,0.1250,1.0000,0.2222,eval-f004,eval-e008;eval-f004;eval-f058;eval-f021;eval-e033;eval-f007;eval-f003;eval-f001,eval-f004,eval-e008;eval-f058;eval-f021;eval-e033;eval-f007;eval-f003;eval-f001,
Q04,exact-factual-recall,What are my dietary restrictions and food preferences?,2,8,1,7,1,0.1250,0.5000,0.2000,eval-f007;eval-f006,eval-f007;eval-e008;eval-f058;eval-e033;eval-e010;eval-e047;eval-e037;eval-e052,eval-f007,eval-e008;eval-f058;eval-e033;eval-e010;eval-e047;eval-e037;eval-e052,eval-f006
Q05,project-technical-context,What project am I currently working on at PaySwift?,3,8,2,6,1,0.2500,0.6667,0.3636,eval-f021;eval-f022;eval-f026,eval-f021;eval-f024;eval-f023;eval-f022;eval-f038;eval-f025;eval-f040;eval-f037,eval-f021;eval-f022,eval-f024;eval-f023;eval-f038;eval-f025;eval-f040;eval-f037,eval-f026
Q06,project-technical-context,What is the tech stack and infrastructure for the PaySwift backend?,4,8,3,5,1,0.3750,0.7500,0.5000,eval-f023;eval-f025;eval-f024;eval-f039,eval-f023;eval-f021;eval-f025;eval-f024;eval-f022;eval-f040;eval-f037;eval-f038,eval-f023;eval-f025;eval-f024,eval-f021;eval-f022;eval-f040;eval-f037;eval-f038,eval-f039
Q07,project-technical-context,What is the fraud detection service and how does it work?,4,8,4,4,0,0.5000,1.0000,0.6667,eval-f026;eval-f030;eval-s002;eval-f054,eval-f030;eval-f026;eval-e051;eval-e001;eval-s002;eval-f054;eval-f021;eval-e034,eval-f026;eval-f030;eval-s002;eval-f054,eval-e051;eval-e001;eval-f021;eval-e034,
Q08,project-technical-context,What payment methods does PaySwift support?,1,8,1,7,0,0.1250,1.0000,0.2222,eval-f037,eval-f037;eval-f021;eval-f024;eval-f023;eval-f022;eval-f040;eval-f025;eval-e039,eval-f037,eval-f021;eval-f024;eval-f023;eval-f022;eval-f040;eval-f025;eval-e039,
Q09,project-technical-context,What tools and frameworks do I use for testing?,2,8,0,8,2,0.0000,0.0000,N/A,eval-f036;eval-f028,eval-f058;eval-e008;eval-e051;eval-f021;eval-e050;eval-e010;eval-e033;eval-f026,,eval-f058;eval-e008;eval-e051;eval-f021;eval-e050;eval-e010;eval-e033;eval-f026,eval-f036;eval-f028
Q10,project-technical-context,What monitoring and observability tools does PaySwift use?,2,8,2,6,0,0.2500,1.0000,0.4000,eval-f029;eval-f040,eval-f040;eval-f023;eval-f021;eval-f024;eval-f025;eval-f022;eval-f029;eval-f037,eval-f029;eval-f040,eval-f023;eval-f021;eval-f024;eval-f025;eval-f022;eval-f037,
Q11,semantic-paraphrased-recall,What consistency challenges do payment systems face?,1,8,1,7,0,0.1250,1.0000,0.2222,eval-s001,eval-s001;eval-f021;eval-f039;eval-e045;eval-e051;eval-e010;eval-f023;eval-e022,eval-s001,eval-f021;eval-f039;eval-e045;eval-e051;eval-e010;eval-f023;eval-e022,
Q12,semantic-paraphrased-recall,How can I improve the reliability of my TypeScript API boundaries?,2,8,1,7,1,0.1250,0.5000,0.2000,eval-s003;eval-f004,eval-s003;eval-e010;eval-f058;eval-f022;eval-e051;eval-e004;eval-f024;eval-f021,eval-s003,eval-e010;eval-f058;eval-f022;eval-e051;eval-e004;eval-f024;eval-f021,eval-f004
Q13,semantic-paraphrased-recall,What do I need to know about database connection management under load?,2,8,2,6,0,0.2500,1.0000,0.4000,eval-s004;eval-f023,eval-s004;eval-e051;eval-e022;eval-f058;eval-e010;eval-e004;eval-e034;eval-f023,eval-s004;eval-f023,eval-e051;eval-e022;eval-f058;eval-e010;eval-e004;eval-e034,
Q14,semantic-paraphrased-recall,What happened during the security incident with our OAuth implementation?,1,8,1,7,0,0.1250,1.0000,0.2222,eval-e012,eval-e012;eval-f058;eval-e051;eval-e010;eval-f024;eval-e014;eval-e002;eval-e001,eval-e012,eval-f058;eval-e051;eval-e010;eval-f024;eval-e014;eval-e002;eval-e001,
Q15,episodic-recall,What production incidents have we had recently?,3,8,2,6,1,0.2500,0.6667,0.3636,eval-e002;eval-e014;eval-e016,eval-f058;eval-e050;eval-e051;eval-e004;eval-e002;eval-e034;eval-e014;eval-e010,eval-e002;eval-e014,eval-f058;eval-e050;eval-e051;eval-e004;eval-e034;eval-e010,eval-e016
Q16,episodic-recall,What did we discuss in the last sprint retrospective?,1,8,1,7,0,0.1250,1.0000,0.2222,eval-e004,eval-e004;eval-e008;eval-e050;eval-e051;eval-e021;eval-e010;eval-e001;eval-e033,eval-e004,eval-e008;eval-e050;eval-e051;eval-e021;eval-e010;eval-e001;eval-e033,
Q17,episodic-recall,What is the status of new team members I recently onboarded?,2,8,2,6,0,0.2500,1.0000,0.4000,eval-e005;eval-e035,eval-e008;eval-e047;eval-e005;eval-e050;eval-e004;eval-e034;eval-e051;eval-e035,eval-e005;eval-e035,eval-e008;eval-e047;eval-e050;eval-e004;eval-e034;eval-e051,
Q18,episodic-recall,Tell me about the BNPL feature we shipped.,2,8,2,6,0,0.2500,1.0000,0.4000,eval-e006;eval-f037,eval-e006;eval-e051;eval-e010;eval-f021;eval-f058;eval-e002;eval-f037;eval-f022,eval-e006;eval-f037,eval-e051;eval-e010;eval-f021;eval-f058;eval-e002;eval-f022,
Q19,episodic-recall,What is the update from my 1:1 with my manager?,2,8,1,7,1,0.1250,0.5000,0.2000,eval-e008;eval-e019,eval-e008;eval-e047;eval-e004;eval-e021;eval-e010;eval-e051;eval-e033;eval-e017,eval-e008,eval-e047;eval-e004;eval-e021;eval-e010;eval-e051;eval-e033;eval-e017,eval-e019
Q20,episodic-recall,What architectural decisions have we made recently?,3,8,1,7,2,0.1250,0.3333,0.1818,eval-e028;eval-e030;eval-e009,eval-e001;eval-f058;eval-e051;eval-e004;eval-f021;eval-e028;eval-f052;eval-f044,eval-e028,eval-e001;eval-f058;eval-e051;eval-e004;eval-f021;eval-f052;eval-f044,eval-e030;eval-e009
Q21,goals-tasks,What are my current engineering goals for this quarter?,3,8,0,8,3,0.0000,0.0000,N/A,eval-f041;eval-f043;eval-f044,eval-e008;eval-e050;eval-e051;eval-e003;eval-f021;eval-e033;eval-e004;eval-e045,,eval-e008;eval-e050;eval-e051;eval-e003;eval-f021;eval-e033;eval-e004;eval-e045,eval-f041;eval-f043;eval-f044
Q22,goals-tasks,What certifications and courses am I working toward?,3,8,1,7,2,0.1250,0.3333,0.1818,eval-f042;eval-e031;eval-f045,eval-e008;eval-e050;eval-f021;eval-e033;eval-f058;eval-e047;eval-f042;eval-f052,eval-f042,eval-e008;eval-e050;eval-f021;eval-e033;eval-f058;eval-e047;eval-f052,eval-e031;eval-f045
Q23,goals-tasks,What engineering improvements am I planning to make to our infrastructure?,3,8,1,7,2,0.1250,0.3333,0.1818,eval-f052;eval-f050;eval-f046,eval-e008;eval-f058;eval-f021;eval-e051;eval-e010;eval-e034;eval-f052;eval-f044,eval-f052,eval-e008;eval-f058;eval-f021;eval-e051;eval-e010;eval-e034;eval-f044,eval-f050;eval-f046
Q24,goals-tasks,What personal fitness goals am I working on?,3,8,1,7,2,0.1250,0.3333,0.1818,eval-f047;eval-e033;eval-e044,eval-e008;eval-e033;eval-f021;eval-e050;eval-e037;eval-f007;eval-f041;eval-e047,eval-e033,eval-e008;eval-f021;eval-e050;eval-e037;eval-f007;eval-f041;eval-e047,eval-f047;eval-e044
Q25,dates-events,What important events or deadlines do I have coming up in November?,3,8,2,6,1,0.2500,0.6667,0.3636,eval-e037;eval-e044;eval-e041,eval-e008;eval-e037;eval-e050;eval-e041;eval-e047;eval-e046;eval-e033;eval-f058,eval-e037;eval-e041,eval-e008;eval-e050;eval-e047;eval-e046;eval-e033;eval-f058,eval-e044
Q26,dates-events,What is the status of hiring Megha and when does she join?,2,8,2,6,0,0.2500,1.0000,0.4000,eval-e035;eval-e047,eval-e035;eval-e047;eval-e008;eval-e051;eval-e005;eval-f058;eval-e010;eval-f021,eval-e035;eval-e047,eval-e008;eval-e051;eval-e005;eval-f058;eval-e010;eval-f021,
Q27,dates-events,When is the company offsite and what am I presenting?,1,8,1,7,0,0.1250,1.0000,0.2222,eval-e049,eval-e008;eval-e049;eval-e017;eval-e047;eval-e037;eval-e050;eval-e051;eval-e004,eval-e049,eval-e008;eval-e017;eval-e047;eval-e037;eval-e050;eval-e051;eval-e004,
Q28,dates-events,What trip have I planned for the end of the year?,1,8,1,7,0,0.1250,1.0000,0.2222,eval-e043,eval-e008;eval-e037;eval-e043;eval-e050;eval-f058;eval-f021;eval-e047;eval-e033,eval-e043,eval-e008;eval-e037;eval-e050;eval-f058;eval-f021;eval-e047;eval-e033,
Q29,recency-recent,What have I been working on today or in the last few hours?,4,8,2,6,2,0.2500,0.5000,0.3333,eval-f056;eval-f057;eval-e051;eval-f058,eval-e008;eval-f058;eval-f021;eval-e050;eval-e051;eval-e033;eval-e004;eval-e021,eval-e051;eval-f058,eval-e008;eval-f021;eval-e050;eval-e033;eval-e004;eval-e021,eval-f056;eval-f057
Q30,recency-old,When did I join PaySwift and what was it like then?,2,8,1,7,1,0.1250,0.5000,0.2000,eval-f060;eval-f059,eval-f060;eval-f021;eval-f024;eval-f003;eval-f023;eval-f038;eval-f022;eval-e008,eval-f060,eval-f021;eval-f024;eval-f003;eval-f023;eval-f038;eval-f022;eval-e008,eval-f059
Q31,recency-old,What major infrastructure migrations have we done in the past year?,2,8,2,6,0,0.2500,1.0000,0.4000,eval-e053;eval-e009,eval-e008;eval-f058;eval-e050;eval-e051;eval-e035;eval-e009;eval-f021;eval-e053,eval-e053;eval-e009,eval-e008;eval-f058;eval-e050;eval-e051;eval-e035;eval-f021,
Q32,same-topic-cluster,What are my diet and nutrition habits?,5,8,1,7,4,0.1250,0.2000,0.1538,eval-f007;eval-f061;eval-f062;eval-f065;eval-f067,eval-e008;eval-f007;eval-e033;eval-e004;eval-f058;eval-f021;eval-e052;eval-e037,eval-f007,eval-e008;eval-e033;eval-e004;eval-f058;eval-f021;eval-e052;eval-e037,eval-f061;eval-f062;eval-f065;eval-f067
Q33,same-topic-cluster,What is my health and fitness routine?,5,8,0,8,5,0.0000,0.0000,N/A,eval-f014;eval-f069;eval-f068;eval-f063;eval-f070,eval-e008;eval-e033;eval-f007;eval-e051;eval-f021;eval-f058;eval-e037;eval-f001,,eval-e008;eval-e033;eval-f007;eval-e051;eval-f021;eval-f058;eval-e037;eval-f001,eval-f014;eval-f069;eval-f068;eval-f063;eval-f070
Q34,multi-memory-complex,"What is the state of my fraud detection work — what exists, what is broken, and what needs to change?",5,8,5,3,0,0.6250,1.0000,0.7692,eval-f026;eval-f030;eval-s002;eval-f054;eval-e001,eval-e001;eval-e051;eval-f030;eval-f026;eval-s002;eval-f058;eval-f054;eval-e010,eval-f026;eval-f030;eval-s002;eval-f054;eval-e001,eval-e051;eval-f058;eval-e010,
Q35,multi-memory-complex,What is my career progression and promotion status?,4,8,2,6,2,0.2500,0.5000,0.3333,eval-f003;eval-e008;eval-e019;eval-f038,eval-e008;eval-e004;eval-e050;eval-e051;eval-f058;eval-e019;eval-e010;eval-e033,eval-e008;eval-e019,eval-e004;eval-e050;eval-e051;eval-f058;eval-e010;eval-e033,eval-f003;eval-f038
Q36,noise-distractor,What do I know about quantum computing?,1,8,0,8,1,0.0000,0.0000,N/A,eval-s006,eval-e008;eval-f058;eval-f021;eval-e033;eval-e052;eval-f007;eval-e037;eval-f024,,eval-e008;eval-f058;eval-f021;eval-e033;eval-e052;eval-f007;eval-e037;eval-f024,eval-s006
Q37,noise-distractor,Tell me about my personal interests and hobbies outside work.,4,8,0,8,4,0.0000,0.0000,N/A,eval-f077;eval-f076;eval-f084;eval-f086,eval-e008;eval-f007;eval-e033;eval-f021;eval-f001;eval-f058;eval-e037;eval-f003,,eval-e008;eval-f007;eval-e033;eval-f021;eval-f001;eval-f058;eval-e037;eval-f003,eval-f077;eval-f076;eval-f084;eval-f086
Q38,no-relevant-memory,What is the recipe for making sourdough bread?,1,8,0,8,1,0.0000,0.0000,N/A,eval-f072,eval-e008;eval-f021;eval-f058;eval-e034;eval-e051;eval-e010;eval-e033;eval-e047,,eval-e008;eval-f021;eval-f058;eval-e034;eval-e051;eval-e010;eval-e033;eval-e047,eval-f072
Q39,cross-session-multi,What are all my upcoming important deadlines and milestones before year-end?,5,8,0,8,5,0.0000,0.0000,N/A,eval-e031;eval-f042;eval-e044;eval-e043;eval-f048,eval-e008;eval-e050;eval-e047;eval-e033;eval-e037;eval-e004;eval-f058;eval-e051,,eval-e008;eval-e050;eval-e047;eval-e033;eval-e037;eval-e004;eval-f058;eval-e051,eval-e031;eval-f042;eval-e044;eval-e043;eval-f048
Q40,multi-memory-complex,What has my team been building and what did we recently ship?,4,8,2,6,2,0.2500,0.5000,0.3333,eval-e006;eval-f021;eval-e025;eval-f037,eval-e008;eval-f058;eval-e051;eval-f021;eval-e035;eval-e006;eval-e001;eval-e002,eval-e006;eval-f021,eval-e008;eval-f058;eval-e051;eval-e035;eval-e001;eval-e002,eval-e025;eval-f037

AGGREGATE,,,104,320,55,265,49,0.1719,0.5288,0.2594,,,,,