QueryId,Query,Category,Expected,TP_Baseline,FP_Baseline,FN_Baseline,F1_Baseline,TP_Stage6,FP_Stage6,FN_Stage6,Precision_Stage6,Recall_Stage6,F1_Stage6,Status,TP_IDs,FP_IDs,FN_IDs
Q01,"What is my name and where do I live?",exact-factual-recall,2,2,6,0,0.4,2,6,0,0.2500,1.0000,0.4000,UNCHANGED,"eval-f001|eval-f002","eval-e008|eval-f007|eval-f021|eval-e033|eval-e051|eval-f003",""
Q02,"Tell me about my educational background and work history.",exact-factual-recall,3,1,7,2,0.182,1,7,2,0.1250,0.3333,0.1818,UNCHANGED,"eval-f003","eval-e008|eval-f021|eval-f007|eval-e033|eval-f001|eval-e047|eval-e035","eval-f018|eval-f060"
Q03,"What programming languages do I use and for how long?",exact-factual-recall,1,1,7,0,0.222,1,7,0,0.1250,1.0000,0.2222,UNCHANGED,"eval-f004","eval-e008|eval-f058|eval-f021|eval-e033|eval-f007|eval-f003|eval-f001",""
Q04,"What are my dietary restrictions and food preferences?",exact-factual-recall,2,1,7,1,0.2,1,7,1,0.1250,0.5000,0.2000,UNCHANGED,"eval-f007","eval-e008|eval-f058|eval-e033|eval-e010|eval-e047|eval-e037|eval-e052","eval-f006"
Q05,"What project am I currently working on at PaySwift?",project-technical-context,3,2,6,1,0.364,2,6,1,0.2500,0.6667,0.3636,UNCHANGED,"eval-f021|eval-f022","eval-f024|eval-f023|eval-f038|eval-f025|eval-f040|eval-f037","eval-f026"
Q06,"What is the tech stack and infrastructure for the PaySwift backend?",project-technical-context,4,3,5,1,0.5,3,5,1,0.3750,0.7500,0.5000,UNCHANGED,"eval-f023|eval-f025|eval-f024","eval-f021|eval-f022|eval-f040|eval-f037|eval-f038","eval-f039"
Q07,"What is the fraud detection service and how does it work?",project-technical-context,4,4,4,0,0.667,4,4,0,0.5000,1.0000,0.6667,UNCHANGED,"eval-f026|eval-f030|eval-s002|eval-f054","eval-e051|eval-e001|eval-f021|eval-e034",""
Q08,"What payment methods does PaySwift support?",project-technical-context,1,1,7,0,0.222,1,7,0,0.1250,1.0000,0.2222,UNCHANGED,"eval-f037","eval-f021|eval-f024|eval-f023|eval-f022|eval-f040|eval-f025|eval-e039",""
Q09,"What tools and frameworks do I use for testing?",project-technical-context,2,0,8,2,N/A,0,8,2,0.0000,0.0000,N/A,UNCHANGED,"","eval-f058|eval-e008|eval-e051|eval-f021|eval-e050|eval-e010|eval-e033|eval-f026","eval-f036|eval-f028"
Q10,"What monitoring and observability tools does PaySwift use?",project-technical-context,2,2,6,0,0.4,2,6,0,0.2500,1.0000,0.4000,UNCHANGED,"eval-f029|eval-f040","eval-f023|eval-f021|eval-f024|eval-f025|eval-f022|eval-f037",""
Q11,"What consistency challenges do payment systems face?",semantic-paraphrased-recall,1,1,7,0,0.222,1,7,0,0.1250,1.0000,0.2222,UNCHANGED,"eval-s001","eval-f021|eval-f039|eval-e045|eval-e051|eval-e010|eval-f023|eval-e022",""
Q12,"How can I improve the reliability of my TypeScript API boundaries?",semantic-paraphrased-recall,2,1,7,1,0.2,1,7,1,0.1250,0.5000,0.2000,UNCHANGED,"eval-s003","eval-e010|eval-f058|eval-f022|eval-e051|eval-e004|eval-f024|eval-f021","eval-f004"
Q13,"What do I need to know about database connection management under load?",semantic-paraphrased-recall,2,2,6,0,0.4,2,6,0,0.2500,1.0000,0.4000,UNCHANGED,"eval-s004|eval-f023","eval-e051|eval-e022|eval-f058|eval-e010|eval-e004|eval-e034",""
Q14,"What happened during the security incident with our OAuth implementation?",semantic-paraphrased-recall,1,1,7,0,0.222,1,7,0,0.1250,1.0000,0.2222,UNCHANGED,"eval-e012","eval-f058|eval-e051|eval-e010|eval-f024|eval-e014|eval-e002|eval-e001",""
Q15,"What production incidents have we had recently?",episodic-recall,3,2,6,1,0.364,2,6,1,0.2500,0.6667,0.3636,UNCHANGED,"eval-e002|eval-e014","eval-f058|eval-e050|eval-e051|eval-e004|eval-e034|eval-e010","eval-e016"
Q16,"What did we discuss in the last sprint retrospective?",episodic-recall,1,1,7,0,0.222,1,7,0,0.1250,1.0000,0.2222,UNCHANGED,"eval-e004","eval-e008|eval-e050|eval-e051|eval-e021|eval-e010|eval-e001|eval-e033",""
Q17,"What is the status of new team members I recently onboarded?",episodic-recall,2,1,7,1,0.2,2,6,0,0.2500,1.0000,0.4000,IMPROVED,"eval-e005|eval-e035","eval-e008|eval-e047|eval-e050|eval-e004|eval-e034|eval-e051",""
Q18,"Tell me about the BNPL feature we shipped.",episodic-recall,2,2,6,0,0.4,2,6,0,0.2500,1.0000,0.4000,UNCHANGED,"eval-e006|eval-f037","eval-e051|eval-e010|eval-f021|eval-f058|eval-e002|eval-f022",""
Q19,"What is the update from my 1:1 with my manager?",episodic-recall,2,1,7,1,0.2,1,7,1,0.1250,0.5000,0.2000,UNCHANGED,"eval-e008","eval-e047|eval-e004|eval-e021|eval-e010|eval-e051|eval-e033|eval-e017","eval-e019"
Q20,"What architectural decisions have we made recently?",episodic-recall,3,1,7,2,0.182,1,7,2,0.1250,0.3333,0.1818,UNCHANGED,"eval-e028","eval-e001|eval-f058|eval-e051|eval-e004|eval-f021|eval-f052|eval-f044","eval-e030|eval-e009"
Q21,"What are my current engineering goals for this quarter?",goals-tasks,3,0,8,3,N/A,0,8,3,0.0000,0.0000,N/A,UNCHANGED,"","eval-e008|eval-e050|eval-e051|eval-e003|eval-f021|eval-e033|eval-e004|eval-e045","eval-f041|eval-f043|eval-f044"
Q22,"What certifications and courses am I working toward?",goals-tasks,3,1,7,2,0.182,1,7,2,0.1250,0.3333,0.1818,UNCHANGED,"eval-f042","eval-e008|eval-e050|eval-f021|eval-e033|eval-f058|eval-e047|eval-f052","eval-e031|eval-f045"
Q23,"What engineering improvements am I planning to make to our infrastructure?",goals-tasks,3,1,7,2,0.182,1,7,2,0.1250,0.3333,0.1818,UNCHANGED,"eval-f052","eval-e008|eval-f058|eval-f021|eval-e051|eval-e010|eval-e034|eval-f044","eval-f050|eval-f046"
Q24,"What personal fitness goals am I working on?",goals-tasks,3,1,7,2,0.182,1,7,2,0.1250,0.3333,0.1818,UNCHANGED,"eval-e033","eval-e008|eval-f021|eval-e050|eval-e037|eval-f007|eval-f041|eval-e047","eval-f047|eval-e044"
Q25,"What important events or deadlines do I have coming up in November?",dates-events,3,2,6,1,0.364,2,6,1,0.2500,0.6667,0.3636,UNCHANGED,"eval-e037|eval-e041","eval-e008|eval-e050|eval-e047|eval-e046|eval-e033|eval-f058","eval-e044"
Q26,"What is the status of hiring Megha and when does she join?",dates-events,2,2,6,0,0.4,2,6,0,0.2500,1.0000,0.4000,UNCHANGED,"eval-e035|eval-e047","eval-e008|eval-e051|eval-e005|eval-f058|eval-e010|eval-f021",""
Q27,"When is the company offsite and what am I presenting?",dates-events,1,1,7,0,0.222,1,7,0,0.1250,1.0000,0.2222,UNCHANGED,"eval-e049","eval-e008|eval-e017|eval-e047|eval-e037|eval-e050|eval-e051|eval-e004",""
Q28,"What trip have I planned for the end of the year?",dates-events,1,1,7,0,0.222,1,7,0,0.1250,1.0000,0.2222,UNCHANGED,"eval-e043","eval-e008|eval-e037|eval-e050|eval-f058|eval-f021|eval-e047|eval-e033",""
Q29,"What have I been working on today or in the last few hours?",recency-recent,4,2,6,2,0.333,2,6,2,0.2500,0.5000,0.3333,UNCHANGED,"eval-e051|eval-f058","eval-e008|eval-f021|eval-e050|eval-e033|eval-e004|eval-e021","eval-f056|eval-f057"
Q30,"When did I join PaySwift and what was it like then?",recency-old,2,1,7,1,0.2,1,7,1,0.1250,0.5000,0.2000,UNCHANGED,"eval-f060","eval-f021|eval-f024|eval-f003|eval-f023|eval-f038|eval-f022|eval-e008","eval-f059"
Q31,"What major infrastructure migrations have we done in the past year?",recency-old,2,2,6,0,0.4,2,6,0,0.2500,1.0000,0.4000,UNCHANGED,"eval-e053|eval-e009","eval-e008|eval-f058|eval-e050|eval-e051|eval-e035|eval-f021",""
Q32,"What are my diet and nutrition habits?",same-topic-cluster,5,1,7,4,0.154,1,7,4,0.1250,0.2000,0.1538,UNCHANGED,"eval-f007","eval-e008|eval-e033|eval-e004|eval-f058|eval-f021|eval-e052|eval-e037","eval-f061|eval-f062|eval-f065|eval-f067"
Q33,"What is my health and fitness routine?",same-topic-cluster,5,0,8,5,N/A,0,8,5,0.0000,0.0000,N/A,UNCHANGED,"","eval-e008|eval-e033|eval-f007|eval-e051|eval-f021|eval-f058|eval-e037|eval-f001","eval-f014|eval-f069|eval-f068|eval-f063|eval-f070"
Q34,"What is the state of my fraud detection work — what exists, what is broken, and what needs to change?",multi-memory-complex,5,5,3,0,0.769,5,3,0,0.6250,1.0000,0.7692,UNCHANGED,"eval-f026|eval-f030|eval-s002|eval-f054|eval-e001","eval-e051|eval-f058|eval-e010",""
Q35,"What is my career progression and promotion status?",multi-memory-complex,4,2,6,2,0.333,2,6,2,0.2500,0.5000,0.3333,UNCHANGED,"eval-e008|eval-e019","eval-e004|eval-e050|eval-e051|eval-f058|eval-e010|eval-e033","eval-f003|eval-f038"
Q36,"What do I know about quantum computing?",noise-distractor,1,0,8,1,N/A,0,8,1,0.0000,0.0000,N/A,UNCHANGED,"","eval-e008|eval-f058|eval-f021|eval-e033|eval-e052|eval-f007|eval-e037|eval-f024","eval-s006"
Q37,"Tell me about my personal interests and hobbies outside work.",noise-distractor,4,0,8,4,N/A,0,8,4,0.0000,0.0000,N/A,UNCHANGED,"","eval-e008|eval-f007|eval-e033|eval-f021|eval-f001|eval-f058|eval-e037|eval-f003","eval-f077|eval-f076|eval-f084|eval-f086"
Q38,"What is the recipe for making sourdough bread?",no-relevant-memory,1,0,8,1,N/A,0,8,1,0.0000,0.0000,N/A,UNCHANGED,"","eval-e008|eval-f021|eval-f058|eval-e034|eval-e051|eval-e010|eval-e033|eval-e047","eval-f072"
Q39,"What are all my upcoming important deadlines and milestones before year-end?",cross-session-multi,5,0,8,5,N/A,0,8,5,0.0000,0.0000,N/A,UNCHANGED,"","eval-e008|eval-e050|eval-e047|eval-e033|eval-e037|eval-e004|eval-f058|eval-e051","eval-e031|eval-f042|eval-e044|eval-e043|eval-f048"
Q40,"What has my team been building and what did we recently ship?",multi-memory-complex,4,2,6,2,0.333,2,6,2,0.2500,0.5000,0.3333,UNCHANGED,"eval-e006|eval-f021","eval-e008|eval-f058|eval-e051|eval-e035|eval-e001|eval-e002","eval-e025|eval-f037"